57-1073632,Fulton,Conman,eharte0@patch.com,4070 8th Circle,New Orleans,LA,578-791-4603,709-32-9489,1/31/1977,Office Manager,1
78-4578679,Gael,Sebert,gsebert1@twitter.com,2332 Russell Street,New Orleans,LA,179-375-1075,610-83-6778,8/28/1992,Treasurer,1
64-6895235,Art,Jarrett,ajarrett2@google.co.jp,95287 Toban Parkway,New Orleans,LA,807-413-2224,711-67-1193,3/14/1979,Receptionist,1
87-3115776,Darsey,Talman,dtalman3@github.io,54022 Mifflin Road,New Orleans,LA,985-599-7831,747-78-4831,10/3/1988,Secretary,1
80-8755007,Hammad,Dudney,hdudney4@samsung.com,1205 Arkansas Circle,New Orleans,LA,606-908-7300,665-01-1265,11/2/1997,Secretary,1
07-2082718,Emery,Creigh,Seabright,48 Valley Edge Center,New Orleans,LA,623-627-1220,126-55-0901,3/12/1997,Dance Director,2
16-5289341,Roseline,Wimpeney,rwimpeney6@wiley.com,945 4th Alley,New Orleans,LA,786-941-0255,667-54-2767,1/28/1983,Front-end Supervisor,2
07-1464869,Cecil,Mallinson,cmallinson7@ed.gov,1 Prentice Street,New Orleans,LA,892-405-1391,665-23-4928,9/3/1980,Back-end Supervisor,2
57-7456528,Bari,Dunnaway,bdunnaway8@wikispaces.com,56 Walton Road,New Orleans,LA,868-392-8972,622-01-5156,3/1/1973,Teacher,2
32-1621935,Durant,Godman,dgodman9@symantec.com,8 Coleman Hill,New Orleans,LA,157-758-8541,389-79-2974,4/25/1985,Teacher,2
75-3191910,Noni,Grimshaw,ngrimshawa@harvard.edu,668 Southridge Avenue,New Orleans,LA,828-583-8143,531-81-3536,2/28/1970,Teacher,2
95-8029767,Gilburt,Caley,gcaleyb@blogspot.com,53 South Drive,New Orleans,LA,715-248-7288,625-55-4519,2/6/1970,Teacher,2
27-8439252,Judah,Nutkins,jnutkinsc@slate.com,51 Monument Center,New Orleans,LA,914-327-6720,747-22-2140,10/18/1986,Teacher,2
39-9663810,Kyle,Rudgerd,krudgerdd@blinklist.com,0 Canary Street,New Orleans,LA,154-256-3781,890-06-0762,1/15/1978,Teacher,2
52-5258460,Cordelie,Smeath,csmeathe@google.es,859 Warrior Parkway,New Orleans,LA,725-633-4990,891-74-0841,2/22/1996,Teacher,2
80-9056110,Alexandr,Fetherstone,afetherstonef@newyorker.com,6672 Esker Pass,New Orleans,LA,122-621-5202,334-94-5400,8/24/1990,Teacher,2
49-0424530,Eloisa,Rimes,erimesg@soup.io,5 Old Shore Court,New Orleans,LA,273-171-1587,650-43-5085,7/26/1986,Teacher,2
42-6611481,Camila,Westfalen,cwestfalenh@networkadvertising.org,826 Melrose Drive,New Orleans,LA,696-708-7509,879-43-2142,7/19/1980,Teacher,2
92-4155271,Mariska,Melding,mmeldingi@biglobe.ne.jp,723 Park Meadow Way,New Orleans,LA,562-716-2161,287-51-2611,12/25/1982,Teacher,2
55-7692586,Susy,Kubes,skubesj@patch.com,60 Independence Circle,New Orleans,LA,148-630-1613,319-61-6656,7/29/1972,Teacher,2
50-7567494,Elihu,Hurt,ehurtk@dailymail.co.uk,1 Cordelia Road,New Orleans,LA,613-559-3925,711-88-2567,7/24/1988,Cashier,3
01-5105211,Fanechka,Tabbernor,ftabbernorl@drupal.org,9 Drewry Road,New Orleans,LA,867-320-3396,800-77-7977,6/7/1978,Cashier,3
65-7359688,Eudora,Kollach,ekollachm@arstechnica.com,67237 Rockefeller Crossing,New Orleans,LA,899-552-5270,561-19-6641,1/8/1980,Cashier,3
59-5140266,Deeann,Prott,dprottn@godaddy.com,32 Columbus Parkway,New Orleans,LA,241-533-8195,872-96-5430,5/2/1972,Cashier,3
29-6768745,Ilise,Dieton,idietono@soundcloud.com,06845 Eagle Crest Place,New Orleans,LA,809-464-0658,473-09-7177,5/9/1973,Cashier,3
83-0556024,Jared,Moro,jmorop@java.com,2767 Havey Plaza,New Orleans,LA,635-256-7646,551-36-0822,6/19/1999,Stocking,3
16-2706565,Garold,Bontoft,gbontoftq@tripod.com,3633 Vera Trail,New Orleans,LA,864-981-3870,555-98-3568,3/14/1993,Stocking,3
32-6263613,Vivyan,Drivers,vdriversr@360.cn,08420 4th Park,New Orleans,LA,177-380-6250,891-25-8672,8/29/1972,Stocking,3
33-1487743,Flora,Giannazzo,fgiannazzos@netlog.com,100 Hermina Circle,New Orleans,LA,630-444-7241,117-85-2753,11/9/1985,Stocking,3
13-1221523,Leigh,Tolworthie,ltolworthiet@shop-pro.jp,68679 Mcguire Point,New Orleans,LA,149-555-0312,798-69-9945,7/21/1986,Stocking,3
44-4788722,Ashli,Shantee,Mattimoe,7491 Lindbergh Hill,New Orleans,LA,280-202-7311,407-95-5221,8/3/1990,Supervisor,4
96-0902146,Helena,Blagden,hblagdenv@bbc.co.uk,11627 Stoughton Pass,New Orleans,LA,388-843-8129,227-47-5758,6/12/1987,Telemarketor,4
40-7182132,Tucky,Haquard,thaquardw@exblog.jp,806 Arapahoe Trail,New Orleans,LA,498-612-5121,783-63-9334,1/15/1985,Telemarketor,4
11-7934285,Malena,Ropking,mropkingx@godaddy.com,3993 Westport Alley,New Orleans,LA,834-362-8480,107-89-4392,2/24/1988,Telemarketor,4
79-6920962,Hadlee,Atchly,hatchlyy@nasa.gov,479 Doe Crossing Parkway,New Orleans,LA,492-937-2301,175-44-3101,12/3/1970,Telemarketor,4
26-6159871,Andre,Tottie,qselcraigz@deviantart.com,9317 Transport Hill,New Orleans,LA,449-190-6217,632-41-4276,2/6/1974,Supervisor,5
90-3518883,Gil,Prazer,gprazer10@mediafire.com,0 Old Gate Crossing,New Orleans,LA,625-350-1947,164-03-8641,8/7/1995,Janitor,5
49-4263818,Hope,Abson,habson11@discovery.com,1588 Sage Pass,New Orleans,LA,195-634-4251,556-75-3055,3/7/1992,Janitor,5
67-9615494,Gardner,Waterdrinker,gwaterdrinker12@skyrock.com,4 Center Terrace,New Orleans,LA,388-953-2763,560-04-2884,11/26/1994,Janitor,5
08-4563051,Nanci,Jelly,njelly13@barnesandnoble.com,9357 Johnson Place,New Orleans,LA,282-180-1664,466-47-5007,11/28/1999,Janitor,5
