1,Ivar,Eckersall,9540 Summerview Terrace,ieckersall0@nature.com,1990-06-11,841-532-0650
2,Lari,Bust,47200 Lakewood Lane,lbust1@unicef.org,1963-11-17,312-185-4221
3,Addy,MacCart,90444 Del Sol Alley,amaccart2@alexa.com,1968-02-12,826-998-7067
4,Jules,Hafford,20648 New Castle Court,jhafford3@reverbnation.com,1977-06-19,873-281-2563
5,Lothaire,Gyford,70329 Lawn Hill,lgyford4@delicious.com,1976-06-01,254-239-5362
6,Niki,Stothard,717 Marquette Road,nstothard5@elpais.com,1973-10-23,616-109-8639
7,Gail,Clutheram,8 Hovde Hill,gclutheram6@biblegateway.com,1976-08-07,424-804-9826
8,Elisabet,Shird,0 Jay Center,eshird7@yahoo.co.jp,1993-09-02,286-443-3523
9,Berrie,Martynikhin,360 Red Cloud Terrace,bmartynikhin8@unc.edu,1979-09-04,641-918-5205
10,Jacenta,Ansteys,3458 Roth Plaza,jansteys9@ibm.com,1973-03-02,477-629-7531
11,Gregory,Hubbuck,606 Florence Crossing,ghubbucka@java.com,1987-10-31,988-768-2198
12,Daloris,Heineking,0 Sunfield Parkway,dheinekingb@ifeng.com,1970-05-20,247-367-7133
13,Cosmo,Really,6 Tomscot Road,creallyc@unc.edu,1993-10-08,962-599-1093
14,Tuck,MacDuff,3 Elka Crossing,tmacduffd@jalbum.net,1997-10-04,616-412-2422
15,Stanford,Coxen,8227 Buena Vista Terrace,scoxene@reference.com,1980-11-03,982-375-7437
16,Deina,Drexel,53 Erie Drive,ddrexelf@constantcontact.com,1963-02-23,416-970-9107
17,Kare,Boyfield,9722 Almo Road,kboyfieldg@ca.gov,1985-03-06,770-200-3123
18,Tatiana,Roseby,3010 Cordelia Plaza,trosebyh@timesonline.co.uk,1987-03-19,406-856-2204
19,Liz,Burcher,5 Kingsford Terrace,lburcheri@independent.co.uk,1968-06-21,677-974-1178
20,Sarena,Gayden,437 Comanche Parkway,sgaydenj@soup.io,1993-05-08,869-384-6755
21,Vivyanne,Cuchey,8704 Mallard Center,vcucheyk@artisteer.com,1969-08-19,561-215-0275
22,Claiborne,Arnauduc,2720 David Crossing,carnauducl@msu.edu,1977-09-10,453-503-3427
23,Skelly,Ferres,70 Heffernan Terrace,sferresm@tinyurl.com,1979-01-19,150-721-7489
24,Sax,Brien,6283 Eastlawn Alley,sbrienn@de.vu,1991-06-25,321-611-7866
25,Glenine,Kittel,2 Scoville Pass,gkittelo@so-net.ne.jp,1961-07-21,147-948-8189
26,Clemmie,Noden,668 Manitowish Junction,cnodenp@geocities.jp,1963-12-28,932-255-0702
27,Constancia,Vinter,970 Riverside Court,cvinterq@nba.com,1983-07-05,410-161-1430
28,Trude,Eby,7 Linden Hill,tebyr@dmoz.org,1996-01-19,171-430-9273
29,Ynes,Daltrey,33 Redwing Pass,ydaltreys@vistaprint.com,1963-10-25,231-126-5472
30,Ole,Tyndall,31579 Cherokee Pass,otyndallt@e-recht24.de,1974-06-02,981-522-2765
31,Abbey,Grahame,8809 Esker Court,agrahameu@seesaa.net,1990-07-30,234-445-9085
32,Betta,McCardle,9009 Farwell Circle,bmccardlev@google.it,1975-08-22,593-674-8398
33,Rodrick,Leitch,756 Grim Park,rleitchw@wunderground.com,1962-09-23,562-639-4231
34,Javier,Durbridge,45100 Colorado Center,jdurbridgex@mozilla.com,1997-10-22,196-956-9823
35,Jakob,Macken,79312 John Wall Center,jmackeny@mapy.cz,1960-06-01,143-999-9825
36,Yvor,Child,5662 Shasta Lane,ychildz@sphinn.com,1964-05-25,265-845-0581
37,Christos,Behagg,40994 Blaine Alley,cbehagg10@acquirethisname.com,1996-01-08,602-965-4630
38,Clementia,Loade,7 Sommers Crossing,cloade11@soup.io,1961-11-10,294-856-0914
39,Currie,Younglove,9163 American Ash Plaza,cyounglove12@issuu.com,1982-04-08,799-168-3055
40,Opaline,Haxby,9328 Valley Edge Parkway,ohaxby13@dell.com,1982-10-06,206-115-5991
41,Alonso,O'Dyvoy,68 Bay Court,aodyvoy14@soup.io,1996-07-30,861-942-9379
42,Valdemar,Munsey,47339 Mandrake Way,vmunsey15@shareasale.com,1982-09-13,993-465-8423
43,Annadiane,Picford,2 Schmedeman Court,apicford16@ehow.com,1994-07-02,439-488-5257
44,Darelle,Fedorchenko,78607 Luster Place,dfedorchenko17@imageshack.us,1976-05-25,298-253-8139
45,Brigit,Forsdicke,94 Anzinger Court,bforsdicke18@fastcompany.com,1964-01-04,111-250-5837
46,Christi,Krzyzanowski,16 Pennsylvania Alley,ckrzyzanowski19@networkadvertising.org,1963-06-01,884-164-8606
47,Mallissa,McGowan,3 Summer Ridge Way,mmcgowan1a@oakley.com,1980-09-08,293-364-0105
48,Gretchen,Colliss,81714 Atwood Street,gcolliss1b@smh.com.au,1966-08-07,700-816-5508
49,Bailie,Bratcher,18 Jackson Point,bbratcher1c@networksolutions.com,1984-04-01,520-329-8716
50,Elvira,Clutterbuck,7861 Buell Court,eclutterbuck1d@baidu.com,1976-05-14,185-128-7065
51,Olvan,Trickett,3023 Dexter Junction,otrickett1e@tumblr.com,1966-02-20,208-777-7747
52,Tanitansy,Haddington,767 Novick Park,thaddington1f@sina.com.cn,1995-08-12,235-355-5138
53,Timoteo,Dessent,4978 Chinook Terrace,tdessent1g@marketwatch.com,1994-10-04,133-593-7610
54,Drugi,Yandle,39033 Lunder Plaza,dyandle1h@patch.com,1962-10-16,742-485-9629
55,Aluin,Bedberry,0 Thompson Pass,abedberry1i@economist.com,1997-05-25,631-579-7600
56,Carmita,Dumini,1 Golden Leaf Circle,cdumini1j@ezinearticles.com,1977-10-03,572-692-6590
57,Anette,Thring,2299 Spaight Center,athring1k@etsy.com,1994-02-08,234-786-5966
58,Orrin,Shambrook,70694 Burrows Road,oshambrook1l@t.co,1976-09-24,368-718-1704
59,Laryssa,Aubin,0647 Claremont Point,laubin1m@yale.edu,1995-06-25,251-354-7425
60,Lonnie,Partleton,10856 Ryan Center,lpartleton1n@simplemachines.org,1975-01-13,336-960-4614
61,Arda,Shyram,048 Butternut Junction,ashyram1o@usa.gov,1982-05-14,684-204-0615
62,Tillie,Blofield,58 Barnett Plaza,tblofield1p@tamu.edu,1976-07-07,318-718-3507
63,Ange,Brundell,62 Claremont Point,abrundell1q@w3.org,1975-05-31,194-747-8429
64,Issy,Blay,81 Grover Court,iblay1r@wufoo.com,1985-05-22,912-469-7569
65,Juliet,Abby,266 Di Loreto Alley,jabby1s@domainmarket.com,1978-08-21,268-789-2793
66,Rhys,Kuhnwald,73 Goodland Point,rkuhnwald1t@salon.com,1984-07-24,353-485-3098
67,Joellyn,Caines,060 Marquette Park,jcaines1u@unesco.org,1993-03-12,487-578-4672
68,Galvin,Kennelly,99 Rockefeller Street,gkennelly1v@wikimedia.org,1996-11-14,846-642-7869
69,Mariann,Roizin,4442 Lake View Hill,mroizin1w@printfriendly.com,1969-04-27,260-356-3568
70,Cairistiona,Merriment,63132 5th Drive,cmerriment1x@nationalgeographic.com,1987-04-02,553-147-0640
71,Nolly,Kenforth,4478 Anhalt Plaza,nkenforth1y@domainmarket.com,1985-01-21,351-343-5274
72,Rachele,Mc-Kerley,2 Chive Alley,rmckerley1z@amazon.co.uk,1997-03-22,750-427-3931
73,Stefan,Abel,6229 4th Pass,sabel20@booking.com,1982-06-28,305-575-3600
74,Nadeen,Morford,3889 Everett Park,nmorford21@macromedia.com,1982-04-30,513-382-9788
75,Sergeant,Bearcroft,14 Fairview Point,sbearcroft22@t.co,1992-01-19,675-945-0257
76,Marya,Gaul,0 Almo Park,mgaul23@illinois.edu,1987-07-06,321-805-1991
77,Tricia,Ricciardelli,3 Tony Circle,tricciardelli24@gmpg.org,1966-03-14,284-835-0413
78,Ryon,Antcliffe,907 Maywood Parkway,rantcliffe25@latimes.com,1968-03-03,628-570-2964
79,Sigismondo,Reedie,08 Melby Road,sreedie26@yelp.com,1989-02-04,288-228-5272
80,Yard,Corbett,97 8th Avenue,ycorbett27@wp.com,1991-03-06,870-873-2828
81,Phillie,Caldeiro,4 Laurel Street,pcaldeiro28@reverbnation.com,1972-07-29,481-539-4064
82,Gabbie,Crates,1236 Ridgeview Place,gcrates29@jugem.jp,1970-02-09,753-760-6565
83,Bev,Ruffy,2 Vera Point,bruffy2a@bigcartel.com,1989-10-16,750-504-9176
84,Jenilee,Pohlke,6 Forest Court,jpohlke2b@umich.edu,1994-05-30,218-203-8087
85,Lenard,Huby,58423 Barnett Plaza,lhuby2c@economist.com,1969-06-01,755-423-0698
86,Flori,Durak,60205 Lakeland Drive,fdurak2d@pbs.org,1973-08-29,938-882-8823
87,Kerrie,Marden,5182 Grayhawk Way,kmarden2e@ow.ly,1994-05-28,434-970-2062
88,Agosto,Bridewell,1307 Di Loreto Junction,abridewell2f@cdc.gov,1970-06-30,454-265-0543
89,Kendal,Seabon,8 Express Street,kseabon2g@addthis.com,1984-01-26,964-518-0366
90,Bond,Peckham,0813 Arapahoe Drive,bpeckham2h@gmpg.org,1978-05-27,831-746-7092
91,Hanson,Borles,3 Maple Wood Alley,hborles2i@sakura.ne.jp,1979-05-05,706-975-2706
92,Dell,Stennett,5 Northwestern Park,dstennett2j@ted.com,1975-04-24,148-974-0184
93,Man,Whitely,9 Jackson Terrace,mwhitely2k@deviantart.com,1980-05-11,842-714-5967
94,Nell,Slatford,790 Ruskin Junction,nslatford2l@opensource.org,1970-02-20,533-500-6417
95,Amanda,Skip,48353 Arizona Park,askip2m@discuz.net,1981-07-06,248-736-9823
96,Merle,Pankettman,90811 Elmside Hill,mpankettman2n@toplist.cz,1983-12-05,869-764-6079
97,Merill,Malinson,847 Clove Pass,mmalinson2o@mit.edu,1977-09-24,993-534-7611
98,Berny,Kleewein,64 Mccormick Road,bkleewein2p@bluehost.com,1973-05-09,325-437-7269
99,Tove,Sailor,34 Union Street,tsailor2q@tamu.edu,1977-01-18,287-310-8257
100,Karolina,Gribbon,40 Sunnyside Road,kgribbon2r@t.co,1979-05-30,464-363-7915
